headline_id,source,headline_text,category,published_date
1,BBC,Consumer confidence grows as GDP expands in Q3.,Business,2024-03-01
2,Reuters,Innovative startups disrupt traditional retail ecosystems.,Finance,2024-03-02
3,Reuters,Major brand unveils sustainability roadmap for 2030.,Business,2024-03-03
4,TechCrunch,Consumer confidence grows as GDP expands in Q3.,Finance,2024-03-04
5,Bloomberg,Innovative startups disrupt traditional retail ecosystems.,Policy,2024-03-05
6,BBC,Market volatility rises after unexpected inflation data.,Finance,2024-03-06
7,BBC,Consumer confidence grows as GDP expands in Q3.,Business,2024-03-07
8,Reuters,New regulations impact data privacy and compliance trends.,Finance,2024-03-08
9,Forbes,Major brand unveils sustainability roadmap for 2030.,Finance,2024-03-09
10,TechCrunch,E-commerce sees record sales during holiday season.,Policy,2024-03-10
11,TechCrunch,Consumer confidence grows as GDP expands in Q3.,Finance,2024-03-11
12,Forbes,Central banks signal interest rate adjustments next quarter.,Technology,2024-03-12
13,Forbes,Consumer confidence grows as GDP expands in Q3.,Markets,2024-03-13
14,Forbes,Cloud computing adoption accelerates across industries.,Business,2024-03-14
15,Bloomberg,Tech giants see surge in stock prices amid AI boom.,Markets,2024-03-15
16,TechCrunch,Consumer confidence grows as GDP expands in Q3.,Finance,2024-03-16
17,Forbes,Market volatility rises after unexpected inflation data.,Markets,2024-03-17
18,Bloomberg,Tech giants see surge in stock prices amid AI boom.,Technology,2024-03-18
19,Forbes,Central banks signal interest rate adjustments next quarter.,Policy,2024-03-19
20,Reuters,Energy sector rebounds as oil prices stabilize.,Markets,2024-03-20
21,BBC,Innovative startups disrupt traditional retail ecosystems.,Technology,2024-03-21
22,BBC,Energy sector rebounds as oil prices stabilize.,Technology,2024-03-22
23,TechCrunch,Consumer confidence grows as GDP expands in Q3.,Technology,2024-03-23
24,Bloomberg,Consumer confidence grows as GDP expands in Q3.,Policy,2024-03-24
25,Reuters,Energy sector rebounds as oil prices stabilize.,Policy,2024-03-25
26,Forbes,Innovative startups disrupt traditional retail ecosystems.,Technology,2024-03-26
27,Forbes,Tech giants see surge in stock prices amid AI boom.,Markets,2024-03-27
28,Bloomberg,Tech giants see surge in stock prices amid AI boom.,Markets,2024-03-28
29,Forbes,Tech giants see surge in stock prices amid AI boom.,Business,2024-03-29
30,Bloomberg,Cloud computing adoption accelerates across industries.,Technology,2024-03-30
31,BBC,E-commerce sees record sales during holiday season.,Business,2024-03-31
32,Bloomberg,Innovative startups disrupt traditional retail ecosystems.,Technology,2024-04-01
33,BBC,Energy sector rebounds as oil prices stabilize.,Business,2024-04-02
34,Bloomberg,Cloud computing adoption accelerates across industries.,Policy,2024-04-03
35,Forbes,E-commerce sees record sales during holiday season.,Markets,2024-04-04
36,Forbes,Market volatility rises after unexpected inflation data.,Business,2024-04-05
37,Bloomberg,Market volatility rises after unexpected inflation data.,Finance,2024-04-06
38,Bloomberg,Cloud computing adoption accelerates across industries.,Markets,2024-04-07
39,Forbes,Energy sector rebounds as oil prices stabilize.,Markets,2024-04-08
40,BBC,Energy sector rebounds as oil prices stabilize.,Markets,2024-04-09
41,Forbes,Consumer confidence grows as GDP expands in Q3.,Technology,2024-04-10
42,Bloomberg,New regulations impact data privacy and compliance trends.,Business,2024-04-11
43,BBC,Innovative startups disrupt traditional retail ecosystems.,Finance,2024-04-12
44,Forbes,Market volatility rises after unexpected inflation data.,Technology,2024-04-13
45,Bloomberg,New regulations impact data privacy and compliance trends.,Technology,2024-04-14
46,Bloomberg,Innovative startups disrupt traditional retail ecosystems.,Technology,2024-04-15
47,BBC,Central banks signal interest rate adjustments next quarter.,Finance,2024-04-16
48,Reuters,Cloud computing adoption accelerates across industries.,Business,2024-04-17
49,TechCrunch,Major brand unveils sustainability roadmap for 2030.,Policy,2024-04-18
50,Bloomberg,New regulations impact data privacy and compliance trends.,Finance,2024-04-19
51,BBC,Major brand unveils sustainability roadmap for 2030.,Finance,2024-04-20
52,Forbes,Energy sector rebounds as oil prices stabilize.,Business,2024-04-21
53,Bloomberg,Energy sector rebounds as oil prices stabilize.,Technology,2024-04-22
54,BBC,Tech giants see surge in stock prices amid AI boom.,Finance,2024-04-23
55,BBC,Major brand unveils sustainability roadmap for 2030.,Technology,2024-04-24
56,Forbes,Consumer confidence grows as GDP expands in Q3.,Policy,2024-04-25
57,TechCrunch,Consumer confidence grows as GDP expands in Q3.,Technology,2024-04-26
58,Forbes,Central banks signal interest rate adjustments next quarter.,Technology,2024-04-27
59,BBC,Cloud computing adoption accelerates across industries.,Markets,2024-04-28
60,Forbes,E-commerce sees record sales during holiday season.,Markets,2024-04-29
61,TechCrunch,Tech giants see surge in stock prices amid AI boom.,Markets,2024-04-30
62,BBC,Energy sector rebounds as oil prices stabilize.,Policy,2024-05-01
63,TechCrunch,Cloud computing adoption accelerates across industries.,Technology,2024-05-02
64,TechCrunch,Market volatility rises after unexpected inflation data.,Finance,2024-05-03
65,BBC,Cloud computing adoption accelerates across industries.,Markets,2024-05-04
66,Forbes,Consumer confidence grows as GDP expands in Q3.,Technology,2024-05-05
67,Forbes,E-commerce sees record sales during holiday season.,Finance,2024-05-06
68,Reuters,Innovative startups disrupt traditional retail ecosystems.,Business,2024-05-07
69,Bloomberg,Energy sector rebounds as oil prices stabilize.,Technology,2024-05-08
70,Bloomberg,Energy sector rebounds as oil prices stabilize.,Finance,2024-05-09
71,Reuters,Tech giants see surge in stock prices amid AI boom.,Business,2024-05-10
72,Forbes,E-commerce sees record sales during holiday season.,Policy,2024-05-11
73,Forbes,Cloud computing adoption accelerates across industries.,Markets,2024-05-12
74,Forbes,Cloud computing adoption accelerates across industries.,Markets,2024-05-13
75,Forbes,Innovative startups disrupt traditional retail ecosystems.,Policy,2024-05-14
76,Forbes,Major brand unveils sustainability roadmap for 2030.,Policy,2024-05-15
77,BBC,Innovative startups disrupt traditional retail ecosystems.,Business,2024-05-16
78,Bloomberg,Tech giants see surge in stock prices amid AI boom.,Technology,2024-05-17
79,BBC,Tech giants see surge in stock prices amid AI boom.,Business,2024-05-18
80,Forbes,Energy sector rebounds as oil prices stabilize.,Finance,2024-05-19
81,Forbes,Tech giants see surge in stock prices amid AI boom.,Policy,2024-05-20
82,Forbes,Central banks signal interest rate adjustments next quarter.,Business,2024-05-21
83,TechCrunch,Market volatility rises after unexpected inflation data.,Markets,2024-05-22
84,BBC,New regulations impact data privacy and compliance trends.,Technology,2024-05-23
85,Bloomberg,Innovative startups disrupt traditional retail ecosystems.,Finance,2024-05-24
86,TechCrunch,Consumer confidence grows as GDP expands in Q3.,Policy,2024-05-25
87,Bloomberg,Major brand unveils sustainability roadmap for 2030.,Technology,2024-05-26
88,Forbes,Tech giants see surge in stock prices amid AI boom.,Business,2024-05-27
89,TechCrunch,E-commerce sees record sales during holiday season.,Business,2024-05-28
90,BBC,Tech giants see surge in stock prices amid AI boom.,Policy,2024-05-29
91,Forbes,E-commerce sees record sales during holiday season.,Technology,2024-05-30
92,Forbes,Market volatility rises after unexpected inflation data.,Policy,2024-05-31
93,TechCrunch,Market volatility rises after unexpected inflation data.,Finance,2024-06-01
94,Bloomberg,E-commerce sees record sales during holiday season.,Business,2024-06-02
95,BBC,Major brand unveils sustainability roadmap for 2030.,Policy,2024-06-03
96,Bloomberg,Cloud computing adoption accelerates across industries.,Finance,2024-06-04
97,Reuters,Major brand unveils sustainability roadmap for 2030.,Policy,2024-06-05
98,Forbes,New regulations impact data privacy and compliance trends.,Markets,2024-06-06
99,Bloomberg,Consumer confidence grows as GDP expands in Q3.,Policy,2024-06-07
100,Bloomberg,Innovative startups disrupt traditional retail ecosystems.,Technology,2024-06-08
101,Reuters,Central banks signal interest rate adjustments next quarter.,Policy,2024-06-09
102,Forbes,Cloud computing adoption accelerates across industries.,Markets,2024-06-10
103,Bloomberg,New regulations impact data privacy and compliance trends.,Finance,2024-06-11
104,Reuters,Innovative startups disrupt traditional retail ecosystems.,Markets,2024-06-12
105,Forbes,Tech giants see surge in stock prices amid AI boom.,Business,2024-06-13
106,Bloomberg,E-commerce sees record sales during holiday season.,Technology,2024-06-14
107,Forbes,Tech giants see surge in stock prices amid AI boom.,Policy,2024-06-15
108,BBC,Tech giants see surge in stock prices amid AI boom.,Markets,2024-06-16
109,Bloomberg,Innovative startups disrupt traditional retail ecosystems.,Finance,2024-06-17
110,Reuters,Energy sector rebounds as oil prices stabilize.,Technology,2024-06-18
111,Reuters,Innovative startups disrupt traditional retail ecosystems.,Policy,2024-06-19
112,Reuters,Innovative startups disrupt traditional retail ecosystems.,Markets,2024-06-20
113,Forbes,Tech giants see surge in stock prices amid AI boom.,Policy,2024-06-21
114,Reuters,Market volatility rises after unexpected inflation data.,Technology,2024-06-22
115,Reuters,Major brand unveils sustainability roadmap for 2030.,Business,2024-06-23
116,Reuters,Energy sector rebounds as oil prices stabilize.,Business,2024-06-24
117,Bloomberg,Innovative startups disrupt traditional retail ecosystems.,Finance,2024-06-25
118,Bloomberg,Energy sector rebounds as oil prices stabilize.,Policy,2024-06-26
119,Reuters,Consumer confidence grows as GDP expands in Q3.,Markets,2024-06-27
120,BBC,E-commerce sees record sales during holiday season.,Policy,2024-06-28
121,Bloomberg,Innovative startups disrupt traditional retail ecosystems.,Finance,2024-06-29
122,Forbes,E-commerce sees record sales during holiday season.,Business,2024-06-30
123,Forbes,Tech giants see surge in stock prices amid AI boom.,Business,2024-07-01
124,TechCrunch,Innovative startups disrupt traditional retail ecosystems.,Technology,2024-07-02
125,Bloomberg,New regulations impact data privacy and compliance trends.,Business,2024-07-03
126,BBC,Central banks signal interest rate adjustments next quarter.,Technology,2024-07-04
127,Bloomberg,Central banks signal interest rate adjustments next quarter.,Business,2024-07-05
128,Reuters,E-commerce sees record sales during holiday season.,Policy,2024-07-06
129,Bloomberg,Energy sector rebounds as oil prices stabilize.,Finance,2024-07-07
130,TechCrunch,Cloud computing adoption accelerates across industries.,Policy,2024-07-08
131,Forbes,Cloud computing adoption accelerates across industries.,Technology,2024-07-09
132,TechCrunch,E-commerce sees record sales during holiday season.,Technology,2024-07-10
133,Forbes,Cloud computing adoption accelerates across industries.,Markets,2024-07-11
134,Reuters,New regulations impact data privacy and compliance trends.,Markets,2024-07-12
135,BBC,Consumer confidence grows as GDP expands in Q3.,Markets,2024-07-13
136,Bloomberg,Tech giants see surge in stock prices amid AI boom.,Technology,2024-07-14
137,Forbes,Consumer confidence grows as GDP expands in Q3.,Policy,2024-07-15
138,Forbes,Innovative startups disrupt traditional retail ecosystems.,Finance,2024-07-16
139,BBC,Energy sector rebounds as oil prices stabilize.,Markets,2024-07-17
140,TechCrunch,E-commerce sees record sales during holiday season.,Business,2024-07-18
141,BBC,Cloud computing adoption accelerates across industries.,Policy,2024-07-19
142,Reuters,Central banks signal interest rate adjustments next quarter.,Markets,2024-07-20
143,BBC,Innovative startups disrupt traditional retail ecosystems.,Policy,2024-07-21
144,BBC,Major brand unveils sustainability roadmap for 2030.,Finance,2024-07-22
145,TechCrunch,E-commerce sees record sales during holiday season.,Technology,2024-07-23
146,Reuters,New regulations impact data privacy and compliance trends.,Markets,2024-07-24
147,BBC,New regulations impact data privacy and compliance trends.,Finance,2024-07-25
148,Forbes,Tech giants see surge in stock prices amid AI boom.,Markets,2024-07-26
149,TechCrunch,Innovative startups disrupt traditional retail ecosystems.,Technology,2024-07-27
150,TechCrunch,E-commerce sees record sales during holiday season.,Technology,2024-07-28
151,Forbes,Market volatility rises after unexpected inflation data.,Markets,2024-07-29
152,Forbes,Central banks signal interest rate adjustments next quarter.,Markets,2024-07-30
153,TechCrunch,Energy sector rebounds as oil prices stabilize.,Business,2024-07-31
154,Reuters,Tech giants see surge in stock prices amid AI boom.,Policy,2024-08-01
155,TechCrunch,Major brand unveils sustainability roadmap for 2030.,Finance,2024-08-02
156,Bloomberg,Consumer confidence grows as GDP expands in Q3.,Policy,2024-08-03
157,Reuters,Innovative startups disrupt traditional retail ecosystems.,Markets,2024-08-04
158,Bloomberg,Innovative startups disrupt traditional retail ecosystems.,Finance,2024-08-05
159,BBC,Central banks signal interest rate adjustments next quarter.,Technology,2024-08-06
160,TechCrunch,New regulations impact data privacy and compliance trends.,Markets,2024-08-07
161,Forbes,E-commerce sees record sales during holiday season.,Business,2024-08-08
162,Forbes,Central banks signal interest rate adjustments next quarter.,Markets,2024-08-09
163,TechCrunch,E-commerce sees record sales during holiday season.,Technology,2024-08-10
164,Reuters,Innovative startups disrupt traditional retail ecosystems.,Finance,2024-08-11
165,Bloomberg,Consumer confidence grows as GDP expands in Q3.,Policy,2024-08-12
166,BBC,E-commerce sees record sales during holiday season.,Markets,2024-08-13
167,Reuters,Energy sector rebounds as oil prices stabilize.,Technology,2024-08-14
168,Forbes,Central banks signal interest rate adjustments next quarter.,Business,2024-08-15
169,BBC,Market volatility rises after unexpected inflation data.,Markets,2024-08-16
170,BBC,Innovative startups disrupt traditional retail ecosystems.,Finance,2024-08-17
171,BBC,Energy sector rebounds as oil prices stabilize.,Finance,2024-08-18
172,Bloomberg,Consumer confidence grows as GDP expands in Q3.,Business,2024-08-19
173,BBC,New regulations impact data privacy and compliance trends.,Business,2024-08-20
174,TechCrunch,Market volatility rises after unexpected inflation data.,Finance,2024-08-21
175,Forbes,Consumer confidence grows as GDP expands in Q3.,Markets,2024-08-22
176,BBC,Central banks signal interest rate adjustments next quarter.,Business,2024-08-23
177,Bloomberg,Innovative startups disrupt traditional retail ecosystems.,Finance,2024-08-24
178,Reuters,E-commerce sees record sales during holiday season.,Finance,2024-08-25
179,TechCrunch,Energy sector rebounds as oil prices stabilize.,Policy,2024-08-26
180,TechCrunch,Cloud computing adoption accelerates across industries.,Finance,2024-08-27
181,Reuters,Energy sector rebounds as oil prices stabilize.,Finance,2024-08-28
182,TechCrunch,Market volatility rises after unexpected inflation data.,Technology,2024-08-29
183,Reuters,Central banks signal interest rate adjustments next quarter.,Finance,2024-08-30
184,BBC,Tech giants see surge in stock prices amid AI boom.,Finance,2024-08-31
185,BBC,Central banks signal interest rate adjustments next quarter.,Policy,2024-09-01
186,Forbes,Major brand unveils sustainability roadmap for 2030.,Technology,2024-09-02
187,Forbes,Tech giants see surge in stock prices amid AI boom.,Business,2024-09-03
188,TechCrunch,Central banks signal interest rate adjustments next quarter.,Technology,2024-09-04
189,TechCrunch,Consumer confidence grows as GDP expands in Q3.,Markets,2024-09-05
190,BBC,Innovative startups disrupt traditional retail ecosystems.,Policy,2024-09-06
191,BBC,Tech giants see surge in stock prices amid AI boom.,Technology,2024-09-07
192,Reuters,E-commerce sees record sales during holiday season.,Finance,2024-09-08
193,BBC,Central banks signal interest rate adjustments next quarter.,Policy,2024-09-09
194,TechCrunch,Major brand unveils sustainability roadmap for 2030.,Business,2024-09-10
195,Bloomberg,Major brand unveils sustainability roadmap for 2030.,Finance,2024-09-11
196,TechCrunch,Energy sector rebounds as oil prices stabilize.,Business,2024-09-12
197,Forbes,E-commerce sees record sales during holiday season.,Business,2024-09-13
198,Bloomberg,Market volatility rises after unexpected inflation data.,Policy,2024-09-14
199,Reuters,Central banks signal interest rate adjustments next quarter.,Business,2024-09-15
200,BBC,Innovative startups disrupt traditional retail ecosystems.,Policy,2024-09-16
201,Bloomberg,E-commerce sees record sales during holiday season.,Finance,2024-09-17
202,Forbes,Major brand unveils sustainability roadmap for 2030.,Markets,2024-09-18
203,TechCrunch,Tech giants see surge in stock prices amid AI boom.,Technology,2024-09-19
204,Forbes,New regulations impact data privacy and compliance trends.,Markets,2024-09-20
205,TechCrunch,Cloud computing adoption accelerates across industries.,Policy,2024-09-21
206,TechCrunch,Consumer confidence grows as GDP expands in Q3.,Technology,2024-09-22
207,Forbes,Consumer confidence grows as GDP expands in Q3.,Markets,2024-09-23
208,BBC,Innovative startups disrupt traditional retail ecosystems.,Policy,2024-09-24
209,TechCrunch,Cloud computing adoption accelerates across industries.,Technology,2024-09-25
210,Forbes,Central banks signal interest rate adjustments next quarter.,Business,2024-09-26
211,Reuters,Consumer confidence grows as GDP expands in Q3.,Finance,2024-09-27
212,BBC,Cloud computing adoption accelerates across industries.,Business,2024-09-28
213,Reuters,Major brand unveils sustainability roadmap for 2030.,Markets,2024-09-29
214,Reuters,E-commerce sees record sales during holiday season.,Finance,2024-09-30
215,BBC,New regulations impact data privacy and compliance trends.,Business,2024-10-01
216,BBC,New regulations impact data privacy and compliance trends.,Business,2024-10-02
217,TechCrunch,Tech giants see surge in stock prices amid AI boom.,Business,2024-10-03
218,TechCrunch,Innovative startups disrupt traditional retail ecosystems.,Policy,2024-10-04
219,TechCrunch,Cloud computing adoption accelerates across industries.,Technology,2024-10-05
220,Reuters,Market volatility rises after unexpected inflation data.,Business,2024-10-06
221,BBC,E-commerce sees record sales during holiday season.,Finance,2024-10-07
222,TechCrunch,Innovative startups disrupt traditional retail ecosystems.,Business,2024-10-08
223,Reuters,Cloud computing adoption accelerates across industries.,Business,2024-10-09
224,BBC,Tech giants see surge in stock prices amid AI boom.,Markets,2024-10-10
225,BBC,Consumer confidence grows as GDP expands in Q3.,Markets,2024-10-11
226,Bloomberg,Market volatility rises after unexpected inflation data.,Policy,2024-10-12
227,TechCrunch,Cloud computing adoption accelerates across industries.,Business,2024-10-13
228,BBC,Central banks signal interest rate adjustments next quarter.,Markets,2024-10-14
229,Reuters,Energy sector rebounds as oil prices stabilize.,Technology,2024-10-15
230,Reuters,Market volatility rises after unexpected inflation data.,Business,2024-10-16
231,Reuters,Market volatility rises after unexpected inflation data.,Technology,2024-10-17
232,Bloomberg,Consumer confidence grows as GDP expands in Q3.,Policy,2024-10-18
233,TechCrunch,E-commerce sees record sales during holiday season.,Finance,2024-10-19
234,Forbes,E-commerce sees record sales during holiday season.,Policy,2024-10-20
235,BBC,Tech giants see surge in stock prices amid AI boom.,Finance,2024-10-21
236,Forbes,Market volatility rises after unexpected inflation data.,Markets,2024-10-22
237,Reuters,E-commerce sees record sales during holiday season.,Markets,2024-10-23
238,Bloomberg,Market volatility rises after unexpected inflation data.,Technology,2024-10-24
239,Reuters,Tech giants see surge in stock prices amid AI boom.,Finance,2024-10-25
240,Forbes,Market volatility rises after unexpected inflation data.,Finance,2024-10-26
241,TechCrunch,Central banks signal interest rate adjustments next quarter.,Business,2024-10-27
242,Reuters,Consumer confidence grows as GDP expands in Q3.,Business,2024-10-28
243,BBC,Consumer confidence grows as GDP expands in Q3.,Policy,2024-10-29
244,TechCrunch,Major brand unveils sustainability roadmap for 2030.,Technology,2024-10-30
245,Bloomberg,Energy sector rebounds as oil prices stabilize.,Finance,2024-10-31
246,BBC,Central banks signal interest rate adjustments next quarter.,Business,2024-11-01
247,Bloomberg,E-commerce sees record sales during holiday season.,Business,2024-11-02
248,BBC,Innovative startups disrupt traditional retail ecosystems.,Markets,2024-11-03
249,Bloomberg,Tech giants see surge in stock prices amid AI boom.,Technology,2024-11-04
250,TechCrunch,Innovative startups disrupt traditional retail ecosystems.,Technology,2024-11-05
