headline_id,source,headline_text,category,published_date,cleaned_text
1,BBC,Consumer confidence grows as GDP expands in Q3.,Business,2024-03-01,consumer confidence grows gdp expands
2,Reuters,Innovative startups disrupt traditional retail ecosystems.,Finance,2024-03-02,innovative startups disrupt traditional retail ecosystems
3,Reuters,Major brand unveils sustainability roadmap for 2030.,Business,2024-03-03,major brand unveils sustainability roadmap
4,TechCrunch,Consumer confidence grows as GDP expands in Q3.,Finance,2024-03-04,consumer confidence grows gdp expands
5,Bloomberg,Innovative startups disrupt traditional retail ecosystems.,Policy,2024-03-05,innovative startups disrupt traditional retail ecosystems
6,BBC,Market volatility rises after unexpected inflation data.,Finance,2024-03-06,market volatility rises unexpected inflation data
7,BBC,Consumer confidence grows as GDP expands in Q3.,Business,2024-03-07,consumer confidence grows gdp expands
8,Reuters,New regulations impact data privacy and compliance trends.,Finance,2024-03-08,new regulations impact data privacy compliance trends
9,Forbes,Major brand unveils sustainability roadmap for 2030.,Finance,2024-03-09,major brand unveils sustainability roadmap
10,TechCrunch,E-commerce sees record sales during holiday season.,Policy,2024-03-10,ecommerce sees record sales holiday season
11,TechCrunch,Consumer confidence grows as GDP expands in Q3.,Finance,2024-03-11,consumer confidence grows gdp expands
12,Forbes,Central banks signal interest rate adjustments next quarter.,Technology,2024-03-12,central banks signal interest rate adjustments next quarter
13,Forbes,Consumer confidence grows as GDP expands in Q3.,Markets,2024-03-13,consumer confidence grows gdp expands
14,Forbes,Cloud computing adoption accelerates across industries.,Business,2024-03-14,cloud computing adoption accelerates across industries
15,Bloomberg,Tech giants see surge in stock prices amid AI boom.,Markets,2024-03-15,tech giants see surge stock prices amid boom
16,TechCrunch,Consumer confidence grows as GDP expands in Q3.,Finance,2024-03-16,consumer confidence grows gdp expands
17,Forbes,Market volatility rises after unexpected inflation data.,Markets,2024-03-17,market volatility rises unexpected inflation data
18,Bloomberg,Tech giants see surge in stock prices amid AI boom.,Technology,2024-03-18,tech giants see surge stock prices amid boom
19,Forbes,Central banks signal interest rate adjustments next quarter.,Policy,2024-03-19,central banks signal interest rate adjustments next quarter
20,Reuters,Energy sector rebounds as oil prices stabilize.,Markets,2024-03-20,energy sector rebounds oil prices stabilize
21,BBC,Innovative startups disrupt traditional retail ecosystems.,Technology,2024-03-21,innovative startups disrupt traditional retail ecosystems
22,BBC,Energy sector rebounds as oil prices stabilize.,Technology,2024-03-22,energy sector rebounds oil prices stabilize
23,TechCrunch,Consumer confidence grows as GDP expands in Q3.,Technology,2024-03-23,consumer confidence grows gdp expands
24,Bloomberg,Consumer confidence grows as GDP expands in Q3.,Policy,2024-03-24,consumer confidence grows gdp expands
25,Reuters,Energy sector rebounds as oil prices stabilize.,Policy,2024-03-25,energy sector rebounds oil prices stabilize
26,Forbes,Innovative startups disrupt traditional retail ecosystems.,Technology,2024-03-26,innovative startups disrupt traditional retail ecosystems
27,Forbes,Tech giants see surge in stock prices amid AI boom.,Markets,2024-03-27,tech giants see surge stock prices amid boom
28,Bloomberg,Tech giants see surge in stock prices amid AI boom.,Markets,2024-03-28,tech giants see surge stock prices amid boom
29,Forbes,Tech giants see surge in stock prices amid AI boom.,Business,2024-03-29,tech giants see surge stock prices amid boom
30,Bloomberg,Cloud computing adoption accelerates across industries.,Technology,2024-03-30,cloud computing adoption accelerates across industries
31,BBC,E-commerce sees record sales during holiday season.,Business,2024-03-31,ecommerce sees record sales holiday season
32,Bloomberg,Innovative startups disrupt traditional retail ecosystems.,Technology,2024-04-01,innovative startups disrupt traditional retail ecosystems
33,BBC,Energy sector rebounds as oil prices stabilize.,Business,2024-04-02,energy sector rebounds oil prices stabilize
34,Bloomberg,Cloud computing adoption accelerates across industries.,Policy,2024-04-03,cloud computing adoption accelerates across industries
35,Forbes,E-commerce sees record sales during holiday season.,Markets,2024-04-04,ecommerce sees record sales holiday season
36,Forbes,Market volatility rises after unexpected inflation data.,Business,2024-04-05,market volatility rises unexpected inflation data
37,Bloomberg,Market volatility rises after unexpected inflation data.,Finance,2024-04-06,market volatility rises unexpected inflation data
38,Bloomberg,Cloud computing adoption accelerates across industries.,Markets,2024-04-07,cloud computing adoption accelerates across industries
39,Forbes,Energy sector rebounds as oil prices stabilize.,Markets,2024-04-08,energy sector rebounds oil prices stabilize
40,BBC,Energy sector rebounds as oil prices stabilize.,Markets,2024-04-09,energy sector rebounds oil prices stabilize
41,Forbes,Consumer confidence grows as GDP expands in Q3.,Technology,2024-04-10,consumer confidence grows gdp expands
42,Bloomberg,New regulations impact data privacy and compliance trends.,Business,2024-04-11,new regulations impact data privacy compliance trends
43,BBC,Innovative startups disrupt traditional retail ecosystems.,Finance,2024-04-12,innovative startups disrupt traditional retail ecosystems
44,Forbes,Market volatility rises after unexpected inflation data.,Technology,2024-04-13,market volatility rises unexpected inflation data
45,Bloomberg,New regulations impact data privacy and compliance trends.,Technology,2024-04-14,new regulations impact data privacy compliance trends
46,Bloomberg,Innovative startups disrupt traditional retail ecosystems.,Technology,2024-04-15,innovative startups disrupt traditional retail ecosystems
47,BBC,Central banks signal interest rate adjustments next quarter.,Finance,2024-04-16,central banks signal interest rate adjustments next quarter
48,Reuters,Cloud computing adoption accelerates across industries.,Business,2024-04-17,cloud computing adoption accelerates across industries
49,TechCrunch,Major brand unveils sustainability roadmap for 2030.,Policy,2024-04-18,major brand unveils sustainability roadmap
50,Bloomberg,New regulations impact data privacy and compliance trends.,Finance,2024-04-19,new regulations impact data privacy compliance trends
51,BBC,Major brand unveils sustainability roadmap for 2030.,Finance,2024-04-20,major brand unveils sustainability roadmap
52,Forbes,Energy sector rebounds as oil prices stabilize.,Business,2024-04-21,energy sector rebounds oil prices stabilize
53,Bloomberg,Energy sector rebounds as oil prices stabilize.,Technology,2024-04-22,energy sector rebounds oil prices stabilize
54,BBC,Tech giants see surge in stock prices amid AI boom.,Finance,2024-04-23,tech giants see surge stock prices amid boom
55,BBC,Major brand unveils sustainability roadmap for 2030.,Technology,2024-04-24,major brand unveils sustainability roadmap
56,Forbes,Consumer confidence grows as GDP expands in Q3.,Policy,2024-04-25,consumer confidence grows gdp expands
57,TechCrunch,Consumer confidence grows as GDP expands in Q3.,Technology,2024-04-26,consumer confidence grows gdp expands
58,Forbes,Central banks signal interest rate adjustments next quarter.,Technology,2024-04-27,central banks signal interest rate adjustments next quarter
59,BBC,Cloud computing adoption accelerates across industries.,Markets,2024-04-28,cloud computing adoption accelerates across industries
60,Forbes,E-commerce sees record sales during holiday season.,Markets,2024-04-29,ecommerce sees record sales holiday season
61,TechCrunch,Tech giants see surge in stock prices amid AI boom.,Markets,2024-04-30,tech giants see surge stock prices amid boom
62,BBC,Energy sector rebounds as oil prices stabilize.,Policy,2024-05-01,energy sector rebounds oil prices stabilize
63,TechCrunch,Cloud computing adoption accelerates across industries.,Technology,2024-05-02,cloud computing adoption accelerates across industries
64,TechCrunch,Market volatility rises after unexpected inflation data.,Finance,2024-05-03,market volatility rises unexpected inflation data
65,BBC,Cloud computing adoption accelerates across industries.,Markets,2024-05-04,cloud computing adoption accelerates across industries
66,Forbes,Consumer confidence grows as GDP expands in Q3.,Technology,2024-05-05,consumer confidence grows gdp expands
67,Forbes,E-commerce sees record sales during holiday season.,Finance,2024-05-06,ecommerce sees record sales holiday season
68,Reuters,Innovative startups disrupt traditional retail ecosystems.,Business,2024-05-07,innovative startups disrupt traditional retail ecosystems
69,Bloomberg,Energy sector rebounds as oil prices stabilize.,Technology,2024-05-08,energy sector rebounds oil prices stabilize
70,Bloomberg,Energy sector rebounds as oil prices stabilize.,Finance,2024-05-09,energy sector rebounds oil prices stabilize
71,Reuters,Tech giants see surge in stock prices amid AI boom.,Business,2024-05-10,tech giants see surge stock prices amid boom
72,Forbes,E-commerce sees record sales during holiday season.,Policy,2024-05-11,ecommerce sees record sales holiday season
73,Forbes,Cloud computing adoption accelerates across industries.,Markets,2024-05-12,cloud computing adoption accelerates across industries
74,Forbes,Cloud computing adoption accelerates across industries.,Markets,2024-05-13,cloud computing adoption accelerates across industries
75,Forbes,Innovative startups disrupt traditional retail ecosystems.,Policy,2024-05-14,innovative startups disrupt traditional retail ecosystems
76,Forbes,Major brand unveils sustainability roadmap for 2030.,Policy,2024-05-15,major brand unveils sustainability roadmap
77,BBC,Innovative startups disrupt traditional retail ecosystems.,Business,2024-05-16,innovative startups disrupt traditional retail ecosystems
78,Bloomberg,Tech giants see surge in stock prices amid AI boom.,Technology,2024-05-17,tech giants see surge stock prices amid boom
79,BBC,Tech giants see surge in stock prices amid AI boom.,Business,2024-05-18,tech giants see surge stock prices amid boom
80,Forbes,Energy sector rebounds as oil prices stabilize.,Finance,2024-05-19,energy sector rebounds oil prices stabilize
81,Forbes,Tech giants see surge in stock prices amid AI boom.,Policy,2024-05-20,tech giants see surge stock prices amid boom
82,Forbes,Central banks signal interest rate adjustments next quarter.,Business,2024-05-21,central banks signal interest rate adjustments next quarter
83,TechCrunch,Market volatility rises after unexpected inflation data.,Markets,2024-05-22,market volatility rises unexpected inflation data
84,BBC,New regulations impact data privacy and compliance trends.,Technology,2024-05-23,new regulations impact data privacy compliance trends
85,Bloomberg,Innovative startups disrupt traditional retail ecosystems.,Finance,2024-05-24,innovative startups disrupt traditional retail ecosystems
86,TechCrunch,Consumer confidence grows as GDP expands in Q3.,Policy,2024-05-25,consumer confidence grows gdp expands
87,Bloomberg,Major brand unveils sustainability roadmap for 2030.,Technology,2024-05-26,major brand unveils sustainability roadmap
88,Forbes,Tech giants see surge in stock prices amid AI boom.,Business,2024-05-27,tech giants see surge stock prices amid boom
89,TechCrunch,E-commerce sees record sales during holiday season.,Business,2024-05-28,ecommerce sees record sales holiday season
90,BBC,Tech giants see surge in stock prices amid AI boom.,Policy,2024-05-29,tech giants see surge stock prices amid boom
91,Forbes,E-commerce sees record sales during holiday season.,Technology,2024-05-30,ecommerce sees record sales holiday season
92,Forbes,Market volatility rises after unexpected inflation data.,Policy,2024-05-31,market volatility rises unexpected inflation data
93,TechCrunch,Market volatility rises after unexpected inflation data.,Finance,2024-06-01,market volatility rises unexpected inflation data
94,Bloomberg,E-commerce sees record sales during holiday season.,Business,2024-06-02,ecommerce sees record sales holiday season
95,BBC,Major brand unveils sustainability roadmap for 2030.,Policy,2024-06-03,major brand unveils sustainability roadmap
96,Bloomberg,Cloud computing adoption accelerates across industries.,Finance,2024-06-04,cloud computing adoption accelerates across industries
97,Reuters,Major brand unveils sustainability roadmap for 2030.,Policy,2024-06-05,major brand unveils sustainability roadmap
98,Forbes,New regulations impact data privacy and compliance trends.,Markets,2024-06-06,new regulations impact data privacy compliance trends
99,Bloomberg,Consumer confidence grows as GDP expands in Q3.,Policy,2024-06-07,consumer confidence grows gdp expands
100,Bloomberg,Innovative startups disrupt traditional retail ecosystems.,Technology,2024-06-08,innovative startups disrupt traditional retail ecosystems
101,Reuters,Central banks signal interest rate adjustments next quarter.,Policy,2024-06-09,central banks signal interest rate adjustments next quarter
102,Forbes,Cloud computing adoption accelerates across industries.,Markets,2024-06-10,cloud computing adoption accelerates across industries
103,Bloomberg,New regulations impact data privacy and compliance trends.,Finance,2024-06-11,new regulations impact data privacy compliance trends
104,Reuters,Innovative startups disrupt traditional retail ecosystems.,Markets,2024-06-12,innovative startups disrupt traditional retail ecosystems
105,Forbes,Tech giants see surge in stock prices amid AI boom.,Business,2024-06-13,tech giants see surge stock prices amid boom
106,Bloomberg,E-commerce sees record sales during holiday season.,Technology,2024-06-14,ecommerce sees record sales holiday season
107,Forbes,Tech giants see surge in stock prices amid AI boom.,Policy,2024-06-15,tech giants see surge stock prices amid boom
108,BBC,Tech giants see surge in stock prices amid AI boom.,Markets,2024-06-16,tech giants see surge stock prices amid boom
109,Bloomberg,Innovative startups disrupt traditional retail ecosystems.,Finance,2024-06-17,innovative startups disrupt traditional retail ecosystems
110,Reuters,Energy sector rebounds as oil prices stabilize.,Technology,2024-06-18,energy sector rebounds oil prices stabilize
111,Reuters,Innovative startups disrupt traditional retail ecosystems.,Policy,2024-06-19,innovative startups disrupt traditional retail ecosystems
112,Reuters,Innovative startups disrupt traditional retail ecosystems.,Markets,2024-06-20,innovative startups disrupt traditional retail ecosystems
113,Forbes,Tech giants see surge in stock prices amid AI boom.,Policy,2024-06-21,tech giants see surge stock prices amid boom
114,Reuters,Market volatility rises after unexpected inflation data.,Technology,2024-06-22,market volatility rises unexpected inflation data
115,Reuters,Major brand unveils sustainability roadmap for 2030.,Business,2024-06-23,major brand unveils sustainability roadmap
116,Reuters,Energy sector rebounds as oil prices stabilize.,Business,2024-06-24,energy sector rebounds oil prices stabilize
117,Bloomberg,Innovative startups disrupt traditional retail ecosystems.,Finance,2024-06-25,innovative startups disrupt traditional retail ecosystems
118,Bloomberg,Energy sector rebounds as oil prices stabilize.,Policy,2024-06-26,energy sector rebounds oil prices stabilize
119,Reuters,Consumer confidence grows as GDP expands in Q3.,Markets,2024-06-27,consumer confidence grows gdp expands
120,BBC,E-commerce sees record sales during holiday season.,Policy,2024-06-28,ecommerce sees record sales holiday season
121,Bloomberg,Innovative startups disrupt traditional retail ecosystems.,Finance,2024-06-29,innovative startups disrupt traditional retail ecosystems
122,Forbes,E-commerce sees record sales during holiday season.,Business,2024-06-30,ecommerce sees record sales holiday season
123,Forbes,Tech giants see surge in stock prices amid AI boom.,Business,2024-07-01,tech giants see surge stock prices amid boom
124,TechCrunch,Innovative startups disrupt traditional retail ecosystems.,Technology,2024-07-02,innovative startups disrupt traditional retail ecosystems
125,Bloomberg,New regulations impact data privacy and compliance trends.,Business,2024-07-03,new regulations impact data privacy compliance trends
126,BBC,Central banks signal interest rate adjustments next quarter.,Technology,2024-07-04,central banks signal interest rate adjustments next quarter
127,Bloomberg,Central banks signal interest rate adjustments next quarter.,Business,2024-07-05,central banks signal interest rate adjustments next quarter
128,Reuters,E-commerce sees record sales during holiday season.,Policy,2024-07-06,ecommerce sees record sales holiday season
129,Bloomberg,Energy sector rebounds as oil prices stabilize.,Finance,2024-07-07,energy sector rebounds oil prices stabilize
130,TechCrunch,Cloud computing adoption accelerates across industries.,Policy,2024-07-08,cloud computing adoption accelerates across industries
131,Forbes,Cloud computing adoption accelerates across industries.,Technology,2024-07-09,cloud computing adoption accelerates across industries
132,TechCrunch,E-commerce sees record sales during holiday season.,Technology,2024-07-10,ecommerce sees record sales holiday season
133,Forbes,Cloud computing adoption accelerates across industries.,Markets,2024-07-11,cloud computing adoption accelerates across industries
134,Reuters,New regulations impact data privacy and compliance trends.,Markets,2024-07-12,new regulations impact data privacy compliance trends
135,BBC,Consumer confidence grows as GDP expands in Q3.,Markets,2024-07-13,consumer confidence grows gdp expands
136,Bloomberg,Tech giants see surge in stock prices amid AI boom.,Technology,2024-07-14,tech giants see surge stock prices amid boom
137,Forbes,Consumer confidence grows as GDP expands in Q3.,Policy,2024-07-15,consumer confidence grows gdp expands
138,Forbes,Innovative startups disrupt traditional retail ecosystems.,Finance,2024-07-16,innovative startups disrupt traditional retail ecosystems
139,BBC,Energy sector rebounds as oil prices stabilize.,Markets,2024-07-17,energy sector rebounds oil prices stabilize
140,TechCrunch,E-commerce sees record sales during holiday season.,Business,2024-07-18,ecommerce sees record sales holiday season
141,BBC,Cloud computing adoption accelerates across industries.,Policy,2024-07-19,cloud computing adoption accelerates across industries
142,Reuters,Central banks signal interest rate adjustments next quarter.,Markets,2024-07-20,central banks signal interest rate adjustments next quarter
143,BBC,Innovative startups disrupt traditional retail ecosystems.,Policy,2024-07-21,innovative startups disrupt traditional retail ecosystems
144,BBC,Major brand unveils sustainability roadmap for 2030.,Finance,2024-07-22,major brand unveils sustainability roadmap
145,TechCrunch,E-commerce sees record sales during holiday season.,Technology,2024-07-23,ecommerce sees record sales holiday season
146,Reuters,New regulations impact data privacy and compliance trends.,Markets,2024-07-24,new regulations impact data privacy compliance trends
147,BBC,New regulations impact data privacy and compliance trends.,Finance,2024-07-25,new regulations impact data privacy compliance trends
148,Forbes,Tech giants see surge in stock prices amid AI boom.,Markets,2024-07-26,tech giants see surge stock prices amid boom
149,TechCrunch,Innovative startups disrupt traditional retail ecosystems.,Technology,2024-07-27,innovative startups disrupt traditional retail ecosystems
150,TechCrunch,E-commerce sees record sales during holiday season.,Technology,2024-07-28,ecommerce sees record sales holiday season
151,Forbes,Market volatility rises after unexpected inflation data.,Markets,2024-07-29,market volatility rises unexpected inflation data
152,Forbes,Central banks signal interest rate adjustments next quarter.,Markets,2024-07-30,central banks signal interest rate adjustments next quarter
153,TechCrunch,Energy sector rebounds as oil prices stabilize.,Business,2024-07-31,energy sector rebounds oil prices stabilize
154,Reuters,Tech giants see surge in stock prices amid AI boom.,Policy,2024-08-01,tech giants see surge stock prices amid boom
155,TechCrunch,Major brand unveils sustainability roadmap for 2030.,Finance,2024-08-02,major brand unveils sustainability roadmap
156,Bloomberg,Consumer confidence grows as GDP expands in Q3.,Policy,2024-08-03,consumer confidence grows gdp expands
157,Reuters,Innovative startups disrupt traditional retail ecosystems.,Markets,2024-08-04,innovative startups disrupt traditional retail ecosystems
158,Bloomberg,Innovative startups disrupt traditional retail ecosystems.,Finance,2024-08-05,innovative startups disrupt traditional retail ecosystems
159,BBC,Central banks signal interest rate adjustments next quarter.,Technology,2024-08-06,central banks signal interest rate adjustments next quarter
160,TechCrunch,New regulations impact data privacy and compliance trends.,Markets,2024-08-07,new regulations impact data privacy compliance trends
161,Forbes,E-commerce sees record sales during holiday season.,Business,2024-08-08,ecommerce sees record sales holiday season
162,Forbes,Central banks signal interest rate adjustments next quarter.,Markets,2024-08-09,central banks signal interest rate adjustments next quarter
163,TechCrunch,E-commerce sees record sales during holiday season.,Technology,2024-08-10,ecommerce sees record sales holiday season
164,Reuters,Innovative startups disrupt traditional retail ecosystems.,Finance,2024-08-11,innovative startups disrupt traditional retail ecosystems
165,Bloomberg,Consumer confidence grows as GDP expands in Q3.,Policy,2024-08-12,consumer confidence grows gdp expands
166,BBC,E-commerce sees record sales during holiday season.,Markets,2024-08-13,ecommerce sees record sales holiday season
167,Reuters,Energy sector rebounds as oil prices stabilize.,Technology,2024-08-14,energy sector rebounds oil prices stabilize
168,Forbes,Central banks signal interest rate adjustments next quarter.,Business,2024-08-15,central banks signal interest rate adjustments next quarter
169,BBC,Market volatility rises after unexpected inflation data.,Markets,2024-08-16,market volatility rises unexpected inflation data
170,BBC,Innovative startups disrupt traditional retail ecosystems.,Finance,2024-08-17,innovative startups disrupt traditional retail ecosystems
171,BBC,Energy sector rebounds as oil prices stabilize.,Finance,2024-08-18,energy sector rebounds oil prices stabilize
172,Bloomberg,Consumer confidence grows as GDP expands in Q3.,Business,2024-08-19,consumer confidence grows gdp expands
173,BBC,New regulations impact data privacy and compliance trends.,Business,2024-08-20,new regulations impact data privacy compliance trends
174,TechCrunch,Market volatility rises after unexpected inflation data.,Finance,2024-08-21,market volatility rises unexpected inflation data
175,Forbes,Consumer confidence grows as GDP expands in Q3.,Markets,2024-08-22,consumer confidence grows gdp expands
176,BBC,Central banks signal interest rate adjustments next quarter.,Business,2024-08-23,central banks signal interest rate adjustments next quarter
177,Bloomberg,Innovative startups disrupt traditional retail ecosystems.,Finance,2024-08-24,innovative startups disrupt traditional retail ecosystems
178,Reuters,E-commerce sees record sales during holiday season.,Finance,2024-08-25,ecommerce sees record sales holiday season
179,TechCrunch,Energy sector rebounds as oil prices stabilize.,Policy,2024-08-26,energy sector rebounds oil prices stabilize
180,TechCrunch,Cloud computing adoption accelerates across industries.,Finance,2024-08-27,cloud computing adoption accelerates across industries
181,Reuters,Energy sector rebounds as oil prices stabilize.,Finance,2024-08-28,energy sector rebounds oil prices stabilize
182,TechCrunch,Market volatility rises after unexpected inflation data.,Technology,2024-08-29,market volatility rises unexpected inflation data
183,Reuters,Central banks signal interest rate adjustments next quarter.,Finance,2024-08-30,central banks signal interest rate adjustments next quarter
184,BBC,Tech giants see surge in stock prices amid AI boom.,Finance,2024-08-31,tech giants see surge stock prices amid boom
185,BBC,Central banks signal interest rate adjustments next quarter.,Policy,2024-09-01,central banks signal interest rate adjustments next quarter
186,Forbes,Major brand unveils sustainability roadmap for 2030.,Technology,2024-09-02,major brand unveils sustainability roadmap
187,Forbes,Tech giants see surge in stock prices amid AI boom.,Business,2024-09-03,tech giants see surge stock prices amid boom
188,TechCrunch,Central banks signal interest rate adjustments next quarter.,Technology,2024-09-04,central banks signal interest rate adjustments next quarter
189,TechCrunch,Consumer confidence grows as GDP expands in Q3.,Markets,2024-09-05,consumer confidence grows gdp expands
190,BBC,Innovative startups disrupt traditional retail ecosystems.,Policy,2024-09-06,innovative startups disrupt traditional retail ecosystems
191,BBC,Tech giants see surge in stock prices amid AI boom.,Technology,2024-09-07,tech giants see surge stock prices amid boom
192,Reuters,E-commerce sees record sales during holiday season.,Finance,2024-09-08,ecommerce sees record sales holiday season
193,BBC,Central banks signal interest rate adjustments next quarter.,Policy,2024-09-09,central banks signal interest rate adjustments next quarter
194,TechCrunch,Major brand unveils sustainability roadmap for 2030.,Business,2024-09-10,major brand unveils sustainability roadmap
195,Bloomberg,Major brand unveils sustainability roadmap for 2030.,Finance,2024-09-11,major brand unveils sustainability roadmap
196,TechCrunch,Energy sector rebounds as oil prices stabilize.,Business,2024-09-12,energy sector rebounds oil prices stabilize
197,Forbes,E-commerce sees record sales during holiday season.,Business,2024-09-13,ecommerce sees record sales holiday season
198,Bloomberg,Market volatility rises after unexpected inflation data.,Policy,2024-09-14,market volatility rises unexpected inflation data
199,Reuters,Central banks signal interest rate adjustments next quarter.,Business,2024-09-15,central banks signal interest rate adjustments next quarter
200,BBC,Innovative startups disrupt traditional retail ecosystems.,Policy,2024-09-16,innovative startups disrupt traditional retail ecosystems
201,Bloomberg,E-commerce sees record sales during holiday season.,Finance,2024-09-17,ecommerce sees record sales holiday season
202,Forbes,Major brand unveils sustainability roadmap for 2030.,Markets,2024-09-18,major brand unveils sustainability roadmap
203,TechCrunch,Tech giants see surge in stock prices amid AI boom.,Technology,2024-09-19,tech giants see surge stock prices amid boom
204,Forbes,New regulations impact data privacy and compliance trends.,Markets,2024-09-20,new regulations impact data privacy compliance trends
205,TechCrunch,Cloud computing adoption accelerates across industries.,Policy,2024-09-21,cloud computing adoption accelerates across industries
206,TechCrunch,Consumer confidence grows as GDP expands in Q3.,Technology,2024-09-22,consumer confidence grows gdp expands
207,Forbes,Consumer confidence grows as GDP expands in Q3.,Markets,2024-09-23,consumer confidence grows gdp expands
208,BBC,Innovative startups disrupt traditional retail ecosystems.,Policy,2024-09-24,innovative startups disrupt traditional retail ecosystems
209,TechCrunch,Cloud computing adoption accelerates across industries.,Technology,2024-09-25,cloud computing adoption accelerates across industries
210,Forbes,Central banks signal interest rate adjustments next quarter.,Business,2024-09-26,central banks signal interest rate adjustments next quarter
211,Reuters,Consumer confidence grows as GDP expands in Q3.,Finance,2024-09-27,consumer confidence grows gdp expands
212,BBC,Cloud computing adoption accelerates across industries.,Business,2024-09-28,cloud computing adoption accelerates across industries
213,Reuters,Major brand unveils sustainability roadmap for 2030.,Markets,2024-09-29,major brand unveils sustainability roadmap
214,Reuters,E-commerce sees record sales during holiday season.,Finance,2024-09-30,ecommerce sees record sales holiday season
215,BBC,New regulations impact data privacy and compliance trends.,Business,2024-10-01,new regulations impact data privacy compliance trends
216,BBC,New regulations impact data privacy and compliance trends.,Business,2024-10-02,new regulations impact data privacy compliance trends
217,TechCrunch,Tech giants see surge in stock prices amid AI boom.,Business,2024-10-03,tech giants see surge stock prices amid boom
218,TechCrunch,Innovative startups disrupt traditional retail ecosystems.,Policy,2024-10-04,innovative startups disrupt traditional retail ecosystems
219,TechCrunch,Cloud computing adoption accelerates across industries.,Technology,2024-10-05,cloud computing adoption accelerates across industries
220,Reuters,Market volatility rises after unexpected inflation data.,Business,2024-10-06,market volatility rises unexpected inflation data
221,BBC,E-commerce sees record sales during holiday season.,Finance,2024-10-07,ecommerce sees record sales holiday season
222,TechCrunch,Innovative startups disrupt traditional retail ecosystems.,Business,2024-10-08,innovative startups disrupt traditional retail ecosystems
223,Reuters,Cloud computing adoption accelerates across industries.,Business,2024-10-09,cloud computing adoption accelerates across industries
224,BBC,Tech giants see surge in stock prices amid AI boom.,Markets,2024-10-10,tech giants see surge stock prices amid boom
225,BBC,Consumer confidence grows as GDP expands in Q3.,Markets,2024-10-11,consumer confidence grows gdp expands
226,Bloomberg,Market volatility rises after unexpected inflation data.,Policy,2024-10-12,market volatility rises unexpected inflation data
227,TechCrunch,Cloud computing adoption accelerates across industries.,Business,2024-10-13,cloud computing adoption accelerates across industries
228,BBC,Central banks signal interest rate adjustments next quarter.,Markets,2024-10-14,central banks signal interest rate adjustments next quarter
229,Reuters,Energy sector rebounds as oil prices stabilize.,Technology,2024-10-15,energy sector rebounds oil prices stabilize
230,Reuters,Market volatility rises after unexpected inflation data.,Business,2024-10-16,market volatility rises unexpected inflation data
231,Reuters,Market volatility rises after unexpected inflation data.,Technology,2024-10-17,market volatility rises unexpected inflation data
232,Bloomberg,Consumer confidence grows as GDP expands in Q3.,Policy,2024-10-18,consumer confidence grows gdp expands
233,TechCrunch,E-commerce sees record sales during holiday season.,Finance,2024-10-19,ecommerce sees record sales holiday season
234,Forbes,E-commerce sees record sales during holiday season.,Policy,2024-10-20,ecommerce sees record sales holiday season
235,BBC,Tech giants see surge in stock prices amid AI boom.,Finance,2024-10-21,tech giants see surge stock prices amid boom
236,Forbes,Market volatility rises after unexpected inflation data.,Markets,2024-10-22,market volatility rises unexpected inflation data
237,Reuters,E-commerce sees record sales during holiday season.,Markets,2024-10-23,ecommerce sees record sales holiday season
238,Bloomberg,Market volatility rises after unexpected inflation data.,Technology,2024-10-24,market volatility rises unexpected inflation data
239,Reuters,Tech giants see surge in stock prices amid AI boom.,Finance,2024-10-25,tech giants see surge stock prices amid boom
240,Forbes,Market volatility rises after unexpected inflation data.,Finance,2024-10-26,market volatility rises unexpected inflation data
241,TechCrunch,Central banks signal interest rate adjustments next quarter.,Business,2024-10-27,central banks signal interest rate adjustments next quarter
242,Reuters,Consumer confidence grows as GDP expands in Q3.,Business,2024-10-28,consumer confidence grows gdp expands
243,BBC,Consumer confidence grows as GDP expands in Q3.,Policy,2024-10-29,consumer confidence grows gdp expands
244,TechCrunch,Major brand unveils sustainability roadmap for 2030.,Technology,2024-10-30,major brand unveils sustainability roadmap
245,Bloomberg,Energy sector rebounds as oil prices stabilize.,Finance,2024-10-31,energy sector rebounds oil prices stabilize
246,BBC,Central banks signal interest rate adjustments next quarter.,Business,2024-11-01,central banks signal interest rate adjustments next quarter
247,Bloomberg,E-commerce sees record sales during holiday season.,Business,2024-11-02,ecommerce sees record sales holiday season
248,BBC,Innovative startups disrupt traditional retail ecosystems.,Markets,2024-11-03,innovative startups disrupt traditional retail ecosystems
249,Bloomberg,Tech giants see surge in stock prices amid AI boom.,Technology,2024-11-04,tech giants see surge stock prices amid boom
250,TechCrunch,Innovative startups disrupt traditional retail ecosystems.,Technology,2024-11-05,innovative startups disrupt traditional retail ecosystems
